City_ID,City,Country,Lat,Lng,Max Temp,Humidity,Cloudiness,Wind Speed,Current Description
0,Nikolskoye,RU,59.7035,30.7861,53.87,79,100,6.35,overcast clouds
1,Surt,LY,31.2089,16.5887,77.67,70,16,17.2,few clouds
2,Hermanus,ZA,-34.4187,19.2345,68.9,66,8,6.02,clear sky
3,Longyearbyen,SJ,78.2186,15.6401,21.04,73,20,8.05,few clouds
4,New Norfolk,AU,-42.7826,147.0587,47.7,65,41,1.99,scattered clouds
5,Dudinka,RU,69.4058,86.1778,18.64,84,96,16.46,overcast clouds
6,Half Moon Bay,US,37.4636,-122.4286,60.1,78,40,0.0,scattered clouds
7,Mbaiki,CF,3.8678,17.9892,79.34,80,89,2.66,light rain
8,Ribeira Grande,PT,38.5167,-28.7,73.8,73,40,18.41,scattered clouds
9,Hasaki,JP,35.7333,140.8333,68.4,86,36,6.93,scattered clouds
10,Kapaa,US,22.0752,-159.319,75.52,75,90,5.01,light rain
11,Trojes,AL,41.756,19.962,61.29,82,75,8.23,broken clouds
12,Taoudenni,ML,22.6783,-3.9836,105.1,6,68,1.95,broken clouds
13,Kavieng,PG,-2.5744,150.7967,80.94,80,99,8.43,light rain
14,Utinga,BR,-5.8172,-35.3954,88.65,58,75,18.41,broken clouds
15,Busselton,AU,-33.65,115.3333,46.09,80,2,9.48,clear sky
16,Cape Town,ZA,-33.9258,18.4232,69.12,46,20,17.27,few clouds
17,Dyersburg,US,36.0345,-89.3856,81.37,69,1,4.61,clear sky
18,Mataura,NZ,-46.1927,168.8643,42.48,97,35,3.06,scattered clouds
19,Tuatapere,NZ,-46.1333,167.6833,42.82,91,11,4.59,few clouds
20,Port Shepstone,ZA,-30.7414,30.455,67.23,77,21,27.83,few clouds
21,Port Blair,IN,11.6667,92.75,79.83,85,99,15.03,overcast clouds
22,Vila Franca Do Campo,PT,37.7167,-25.4333,73.81,66,22,9.57,few clouds
23,Punta Arenas,CL,-53.15,-70.9167,57.31,47,40,17.27,scattered clouds
24,Qaanaaq,GL,77.484,-69.3632,25.32,94,100,11.39,light snow
25,Balykshi,KZ,47.0667,51.8667,46.4,39,0,6.71,clear sky
26,Tuktoyaktuk,CA,69.4541,-133.0374,28.4,93,75,9.22,broken clouds
27,Albany,US,42.6001,-73.9662,65.8,74,100,4.0,overcast clouds
28,Hashtrud,IR,37.4779,47.0508,51.12,46,0,5.53,clear sky
29,Anadyr,RU,64.75,177.4833,25.3,100,40,4.0,light snow
30,Cockburn Town,TC,21.4612,-71.1419,82.98,73,92,13.09,overcast clouds
31,Armidale,AU,-30.5167,151.65,51.91,69,0,3.4,clear sky
32,Ushuaia,AR,-54.8,-68.3,46.06,61,75,14.97,light rain
33,Lebu,CL,-37.6167,-73.65,58.68,70,10,10.27,clear sky
34,Halifax,CA,44.6453,-63.5724,57.0,57,2,1.01,clear sky
35,Bluff,NZ,-46.6,168.3333,42.8,91,54,9.17,broken clouds
36,Ballina,AU,-28.8667,153.5667,68.18,88,0,6.91,clear sky
37,Nerchinskiy Zavod,RU,51.3088,119.61,35.06,97,100,16.53,moderate rain
38,Sol-Iletsk,RU,51.1631,54.9918,47.1,38,0,7.11,clear sky
39,Coahuayana,MX,18.7333,-103.6833,86.09,74,70,0.72,broken clouds
40,Sitka,US,57.0531,-135.33,44.94,85,99,12.24,moderate rain
41,Cervo,ES,43.6702,-7.4101,68.2,81,67,13.94,broken clouds
42,Yellowknife,CA,62.456,-114.3525,42.42,100,90,1.01,overcast clouds
43,Olafsvik,IS,64.8945,-23.7142,42.71,85,90,22.26,overcast clouds
44,Kodiak,US,57.79,-152.4072,47.71,49,75,10.36,broken clouds
45,Bethel,US,41.3712,-73.414,66.69,76,90,1.99,overcast clouds
46,Bodden Town,KY,19.2833,-81.25,87.93,76,20,1.99,few clouds
47,Yumen,CN,40.2833,97.2,39.11,18,0,5.75,clear sky
48,Westport,US,41.1415,-73.3579,69.1,72,90,1.01,overcast clouds
49,Esperance,AU,-33.8667,121.9,48.04,62,95,6.93,overcast clouds
50,Vanimo,PG,-2.6741,141.3028,79.25,89,41,7.58,scattered clouds
51,Ankpa,NG,7.3706,7.6253,81.46,81,98,2.44,moderate rain
52,Jamestown,US,42.097,-79.2353,65.52,96,90,10.0,mist
53,Lifford,IE,54.8319,-7.4836,60.71,77,26,7.61,scattered clouds
54,Yunhe,CN,34.0833,119.7167,72.18,96,9,5.03,light rain
55,Griffith,US,41.5284,-87.4237,76.89,70,1,1.99,clear sky
56,San Patricio,US,28.017,-97.5169,83.93,55,26,7.87,scattered clouds
57,Derzhavinsk,KZ,51.1,66.3167,46.62,42,0,6.13,clear sky
58,Tiksi,RU,71.6872,128.8694,22.84,82,99,7.9,overcast clouds
59,Shenjiamen,CN,29.9576,122.298,77.86,87,8,12.33,clear sky
60,Yar-Sale,RU,66.8333,70.8333,28.54,72,65,14.25,broken clouds
61,Abdanan,IR,32.9926,47.4198,76.26,7,0,7.43,clear sky
62,Butaritari,KI,3.0707,172.7902,81.52,67,79,14.58,broken clouds
63,Kaitangata,NZ,-46.2817,169.8464,41.47,95,44,4.27,scattered clouds
64,Vaini,TO,-21.2,-175.2,68.16,100,75,6.91,thunderstorm
65,Tomatlan,MX,19.9333,-105.25,84.65,73,100,3.13,overcast clouds
66,Dikson,RU,73.5069,80.5464,30.27,63,100,21.54,light snow
67,Castro,BR,-24.7911,-50.0119,57.13,98,100,4.7,light rain
68,Orlik,RU,52.5178,99.825,25.61,80,75,5.03,broken clouds
69,Puerto Ayora,EC,-0.7393,-90.3518,73.36,81,98,11.7,overcast clouds
70,Codrington,AU,-38.2667,141.9667,46.27,75,98,6.73,overcast clouds
71,Mikuni,JP,36.2171,136.1519,67.91,83,6,8.68,clear sky
72,Airai,TL,-8.9266,125.4092,58.77,76,57,1.61,broken clouds
73,Tasiilaq,GL,65.6145,-37.6368,35.76,71,80,7.02,broken clouds
74,Hobart,AU,-42.8794,147.3294,48.06,70,40,1.01,scattered clouds
75,Yairipok,IN,24.6667,94.0667,68.74,96,1,1.7,clear sky
76,Plettenberg Bay,ZA,-34.0527,23.3716,61.03,66,45,9.64,scattered clouds
77,Khatanga,RU,71.9667,102.5,16.59,96,100,3.33,overcast clouds
78,Hilo,US,19.7297,-155.09,74.28,94,90,4.61,moderate rain
79,Los Llanos De Aridane,ES,28.6585,-17.9182,73.15,75,20,16.11,few clouds
80,Svetlaya,RU,46.5389,138.3297,52.14,78,100,13.47,overcast clouds
81,Amapa,BR,1.0,-52.0,96.13,35,55,3.15,broken clouds
82,Sakakah,SA,29.9697,40.2064,96.37,14,0,9.01,clear sky
83,Erenhot,CN,43.6475,111.9767,41.54,59,78,11.21,broken clouds
84,Tigil,RU,57.8,158.6667,32.22,96,100,4.03,overcast clouds
85,Georgetown,MY,5.4112,100.3354,82.35,88,20,3.0,few clouds
86,Mount Isa,AU,-20.7333,139.5,83.97,32,82,3.44,broken clouds
87,Rikitea,PF,-23.1203,-134.9692,73.98,81,8,16.93,light rain
88,Atuona,PF,-9.8,-139.0333,77.72,71,14,19.06,few clouds
89,Cabo Rojo,PR,18.0866,-67.1457,91.26,66,2,7.0,clear sky
90,Mattru,SL,7.6244,-11.8332,80.06,82,89,7.9,light rain
91,Faanui,PF,-16.4833,-151.75,77.59,72,11,6.22,few clouds
92,Solntsevo,RU,51.4185,36.7499,44.94,45,73,7.4,broken clouds
93,Sao Joao Da Barra,BR,-21.6403,-41.0511,71.69,75,100,8.21,overcast clouds
94,Mar Del Plata,AR,-38.0023,-57.5575,62.01,64,0,11.99,clear sky
95,Severo-Kurilsk,RU,50.6789,156.125,43.3,80,39,10.83,scattered clouds
96,Port Elizabeth,ZA,-33.918,25.5701,67.1,59,20,26.46,few clouds
97,Kabansk,RU,52.0486,106.6528,30.69,83,47,5.19,scattered clouds
98,Pangnirtung,CA,66.1451,-65.7125,33.8,100,90,0.0,fog
99,Aksarka,RU,66.5606,67.7975,30.81,76,94,8.28,overcast clouds
100,Wewak,PG,-3.5534,143.6268,80.11,85,59,6.13,broken clouds
101,Barrow,US,71.2906,-156.7887,30.22,69,90,11.5,overcast clouds
102,Flin Flon,CA,54.7682,-101.865,46.24,87,75,6.91,smoke
103,Saskylakh,RU,71.9167,114.0833,10.62,100,100,2.66,overcast clouds
104,Alta Floresta,BR,-9.8756,-56.0861,91.22,58,40,8.05,scattered clouds
105,Lanzhou,CN,36.0564,103.7922,40.28,62,100,3.6,light rain
106,Geilo,NO,60.5333,8.2076,57.47,80,86,8.7,overcast clouds
107,Aripuana,BR,-9.1667,-60.6333,97.23,36,99,3.31,overcast clouds
108,Avera,US,33.194,-82.5271,73.9,78,43,12.26,scattered clouds
109,Avarua,CK,-21.2078,-159.775,66.25,94,98,1.14,overcast clouds
110,Muros,ES,42.7762,-9.0603,75.69,55,100,12.21,overcast clouds
111,Padang,ID,-0.9492,100.3543,77.05,88,39,2.42,scattered clouds
112,Warmbad,NA,-28.45,18.7333,77.11,18,17,12.84,few clouds
113,Minab,IR,27.1467,57.0801,90.9,51,0,3.91,clear sky
114,Kouqian,CN,43.6391,126.4578,60.96,95,100,10.8,light rain
115,Anchorage,US,61.2181,-149.9003,42.84,91,90,3.0,moderate rain
116,Nadym,RU,65.5333,72.5167,30.63,73,100,19.84,overcast clouds
117,Cheremukhovo,RU,60.3484,59.9851,35.49,76,100,5.82,overcast clouds
118,Tiznit,MA,29.5833,-9.5,79.7,37,93,8.12,overcast clouds
119,Ketchikan,US,55.3422,-131.6461,46.38,87,75,4.61,light rain
120,Korla,CN,41.7597,86.1469,47.57,38,1,4.23,clear sky
121,Husavik,IS,66.0449,-17.3389,42.71,91,100,8.43,overcast clouds
122,Sunndalsora,NO,62.6754,8.5515,59.05,83,100,5.68,overcast clouds
123,Ilulissat,GL,69.2167,-51.1,28.42,37,75,11.5,broken clouds
124,Saint-Philippe,RE,-21.3585,55.7679,72.99,83,55,14.5,light rain
125,Margate,GB,51.3813,1.3862,63.88,76,66,1.99,broken clouds
126,Ucluelet,CA,48.9329,-125.5528,52.11,89,100,1.01,overcast clouds
127,Montenegro,ME,42.5,19.3,55.08,82,100,9.22,overcast clouds
128,Mount Gambier,AU,-37.8333,140.7667,42.71,87,90,8.05,overcast clouds
129,Port Alfred,ZA,-33.5906,26.891,64.31,71,1,21.83,clear sky
130,Kostomuksha,RU,64.571,30.5767,47.46,92,100,5.93,overcast clouds
131,Oussouye,SN,12.485,-16.5469,91.58,63,99,9.6,overcast clouds
132,Acapulco,MX,16.8634,-99.8901,84.02,68,89,2.89,overcast clouds
133,Seoul,KR,37.5683,126.9778,71.04,94,0,2.3,clear sky
134,Zhangjiakou,CN,40.81,114.8794,46.76,44,44,12.3,scattered clouds
135,Port Hedland,AU,-20.3167,118.5667,69.85,83,0,6.91,clear sky
136,Saint Marys,US,30.7305,-81.5465,82.06,80,75,10.0,broken clouds
137,Izhevskoye,RU,54.5567,40.8703,42.76,66,2,5.39,clear sky
138,Bredasdorp,ZA,-34.5322,20.0403,65.52,52,16,12.66,few clouds
139,Ponta Delgada,PT,37.7333,-25.6667,74.12,73,20,11.5,few clouds
140,Gonzales,US,30.2385,-90.9201,84.02,65,1,0.0,clear sky
141,Honiara,SB,-9.4333,159.95,77.25,89,98,0.67,overcast clouds
142,Grand Gaube,MU,-20.0064,57.6608,73.8,75,13,8.99,few clouds
143,Coos Bay,US,43.3665,-124.2179,52.95,100,75,10.36,broken clouds
144,Paka,MY,4.6374,103.4368,80.53,94,87,0.0,overcast clouds
145,Cherskiy,RU,68.75,161.3,-0.26,100,96,4.09,overcast clouds
146,Richards Bay,ZA,-28.783,32.0377,68.85,82,56,18.75,light rain
147,Sur,OM,22.5667,59.5289,84.79,52,0,2.71,clear sky
148,Ostrovnoy,RU,68.0531,39.5131,36.86,81,95,11.97,overcast clouds
149,Upernavik,GL,72.7868,-56.1549,30.72,52,100,11.65,overcast clouds
150,Koboko,UG,3.4136,30.9599,64.6,92,88,5.77,light rain
151,Carnarvon,AU,-24.8667,113.6333,64.47,72,0,19.57,clear sky
152,Iracoubo,GF,5.4802,-53.2011,87.21,63,100,11.05,overcast clouds
153,Cedar City,US,37.6775,-113.0619,50.4,78,1,0.0,clear sky
154,Thompson,CA,55.7435,-97.8558,32.16,100,90,2.3,fog
155,Talcahuano,CL,-36.7167,-73.1167,55.08,82,40,12.66,scattered clouds
156,Coquimbo,CL,-29.9533,-71.3436,60.53,63,20,8.05,few clouds
157,Jieshi,CN,22.8134,115.8257,79.95,83,100,24.38,moderate rain
158,Yulara,AU,-25.2406,130.9889,73.24,43,90,12.66,overcast clouds
159,Belaya Gora,RU,68.5333,146.4167,12.49,87,64,4.41,broken clouds
160,Port Hardy,CA,50.6996,-127.4199,48.38,93,90,14.97,light rain
161,Kahului,US,20.8947,-156.47,75.22,90,75,10.36,light rain
162,Sabrum,IN,23.0,91.7319,76.82,96,2,1.28,clear sky
163,East London,ZA,-33.0153,27.9116,67.14,63,0,23.02,clear sky
164,Sao Tome,ST,0.3365,6.7273,79.12,84,100,4.68,moderate rain
165,Katsuura,JP,35.1333,140.3,71.19,85,34,7.23,scattered clouds
166,Ponta Do Sol,PT,32.6667,-17.1,78.71,68,23,1.59,few clouds
167,Porto Walter,BR,-8.2686,-72.7439,95.09,41,79,4.59,light rain
168,Evensk,RU,61.95,159.2333,24.87,61,22,5.73,few clouds
169,Ola,RU,59.5833,151.2833,31.75,63,0,4.92,clear sky
170,Basco,PH,20.4487,121.9702,83.5,79,36,24.11,scattered clouds
171,Bengkulu,ID,-3.8004,102.2655,77.85,90,42,5.32,scattered clouds
172,Constitucion,CL,-35.3333,-72.4167,59.23,67,1,6.04,clear sky
173,Powell,US,40.1578,-83.0752,75.76,86,90,1.01,mist
174,Hirara,JP,24.8,125.2833,82.65,80,17,22.46,few clouds
175,Vriezenveen,NL,52.4083,6.6222,62.44,68,6,4.83,clear sky
176,Ahuimanu,US,21.4447,-157.8378,76.75,70,75,18.41,broken clouds
177,Byron Bay,AU,-28.65,153.6167,69.06,89,1,14.09,clear sky
178,Campeche,MX,19.0,-90.5,88.52,55,99,2.75,overcast clouds
179,Axim,GH,4.8699,-2.2405,81.82,75,63,10.78,broken clouds
180,Manzanillo,CU,20.3433,-77.1167,87.51,59,65,3.76,broken clouds
181,Karwar,IN,14.8,74.1333,79.7,83,93,3.91,overcast clouds
182,Broken Hill,AU,-31.95,141.4333,58.71,82,90,25.32,overcast clouds
183,Morant Bay,JM,17.8815,-76.4093,89.22,67,16,7.85,few clouds
184,Leisure City,US,25.4954,-80.4292,88.02,75,20,0.0,few clouds
185,Bousso,TD,10.4795,16.7117,90.9,46,99,3.4,overcast clouds
186,Lompoc,US,34.6391,-120.4579,64.13,75,1,15.99,clear sky
187,Camocim,BR,-2.9022,-40.8411,87.39,59,88,15.08,overcast clouds
188,Bonavista,CA,48.6499,-53.1147,46.11,80,20,36.6,few clouds
189,Kontagora,NG,10.3999,5.4695,91.58,47,57,2.33,broken clouds
190,Chicama,PE,-7.8447,-79.1469,59.54,64,65,8.39,broken clouds
191,Nizwa,OM,22.9333,57.5333,92.16,21,0,5.84,clear sky
192,Kavaratti,IN,10.5669,72.642,82.81,78,100,11.7,overcast clouds
193,Cabo San Lucas,MX,22.8909,-109.9124,88.52,51,1,3.0,clear sky
194,Pevek,RU,69.7008,170.3133,23.81,92,100,2.28,overcast clouds
195,Saldanha,ZA,-33.0117,17.9442,61.86,74,0,17.29,clear sky
196,Pocone,BR,-16.2567,-56.6228,104.34,25,61,9.75,broken clouds
197,Gat,IL,31.61,34.7642,79.48,64,0,12.21,clear sky
198,Cidreira,BR,-30.1811,-50.2056,63.5,84,100,20.22,overcast clouds
199,Shitanjing,CN,39.2342,106.3439,39.96,27,50,10.65,scattered clouds
200,Lata,PT,40.1629,-8.3327,82.04,53,88,4.29,overcast clouds
201,Lubumbashi,CD,-11.6609,27.4794,84.02,23,24,3.06,few clouds
202,Jaworzno,PL,50.2053,19.275,50.88,68,2,1.01,clear sky
203,Bambous Virieux,MU,-20.3428,57.7575,73.65,73,40,14.97,light rain
204,Chuy,UY,-33.6971,-53.4616,64.62,62,49,12.15,scattered clouds
205,Souillac,MU,-20.5167,57.5167,73.78,73,40,14.97,scattered clouds
206,Riyadh,SA,24.6877,46.7219,95.14,13,0,11.83,clear sky
207,Olinda,BR,-8.0089,-34.8553,83.93,65,40,14.97,scattered clouds
208,Payakumbuh,ID,-0.2202,100.6308,72.3,97,81,3.02,broken clouds
209,Casambalangan,PH,18.3765,122.1274,80.53,89,82,7.47,broken clouds
210,Lasa,IT,46.6166,10.7002,61.68,72,8,3.04,clear sky
211,Rocha,UY,-34.4833,-54.3333,65.66,55,32,11.68,scattered clouds
212,Crossville,US,35.949,-85.0269,73.53,83,1,0.0,clear sky
213,Vila Velha,BR,-20.3297,-40.2925,71.55,68,75,4.61,broken clouds
214,Babag,PH,7.7311,126.0708,75.7,80,100,1.74,overcast clouds
215,Alyangula,AU,-13.8483,136.4192,73.27,88,34,0.0,scattered clouds
216,Aklavik,CA,68.2191,-135.0107,32.0,80,75,4.61,broken clouds
217,Tual,ID,-5.6667,132.75,82.13,77,81,8.39,broken clouds
218,Agropoli,IT,40.3469,14.9966,72.28,62,25,6.62,scattered clouds
219,Havre-Saint-Pierre,CA,50.2334,-63.5986,52.39,66,1,4.61,clear sky
220,Sao Paulo De Olivenca,BR,-3.3783,-68.8725,93.16,46,88,2.55,overcast clouds
221,Praia Da Vitoria,PT,38.7333,-27.0667,75.76,73,20,14.54,few clouds
222,San Javier,ES,37.8063,-0.8374,78.48,63,20,9.22,few clouds
223,Torbay,CA,47.6666,-52.7314,45.68,82,75,35.68,light rain
224,Vestmannaeyjar,IS,63.4427,-20.2734,49.19,93,40,14.97,scattered clouds
225,Nome,US,64.5011,-165.4064,37.47,70,90,6.91,overcast clouds
226,Venezuela,VE,8.0,-66.0,89.17,56,55,6.76,broken clouds
227,San Cristobal,VE,7.7669,-72.225,77.18,41,19,3.8,few clouds
228,Catuday,PH,16.2923,119.8062,79.63,82,92,3.18,overcast clouds
229,Abrau-Dyurso,RU,44.69,37.59,54.86,61,97,9.06,overcast clouds
230,Aginskoye,RU,51.1,114.53,35.85,62,100,15.28,overcast clouds
231,Yelnya,RU,54.5786,33.1837,41.94,67,13,2.35,few clouds
232,Kodinsk,RU,58.6881,99.1844,40.95,91,100,15.41,overcast clouds
233,Nizhneudinsk,RU,54.9076,99.0276,38.25,65,79,4.52,broken clouds
234,Khani,GE,41.9563,42.9566,54.97,73,35,5.53,scattered clouds
235,Dabat,ET,12.9842,37.765,54.61,84,98,1.72,overcast clouds
236,Dingle,PH,10.9995,122.6711,74.26,95,97,8.63,light rain
237,Provideniya,RU,64.3833,-173.3,28.63,82,92,5.37,overcast clouds
238,Mackay,AU,-21.15,149.2,73.38,78,40,9.22,scattered clouds
239,Nayoro,JP,44.3506,142.4578,45.18,85,77,3.51,broken clouds
240,Geraldton,AU,-28.7667,114.6,55.81,62,0,13.8,clear sky
241,Bathsheba,BB,13.2167,-59.5167,86.61,70,75,16.11,broken clouds
242,Clarence Town,AU,-32.5833,151.7833,66.85,72,1,3.76,clear sky
243,Bridlington,GB,54.0831,-0.1919,64.58,80,88,9.48,overcast clouds
244,Dentsville,US,34.064,-80.9582,75.52,82,75,1.01,broken clouds
245,Phek,IN,25.6667,94.5,58.39,99,5,1.45,clear sky
246,Puerto Baquerizo Moreno,EC,-0.9,-89.6,68.99,94,75,5.75,light rain
247,Rio Grande,BR,-32.035,-52.0986,66.31,69,85,18.66,overcast clouds
248,Damghan,IR,36.1683,54.348,53.11,52,1,4.7,clear sky
249,Baker City,US,44.7749,-117.8344,44.92,71,1,6.91,clear sky
250,Alofi,NU,-19.0595,-169.9187,69.69,100,93,1.14,overcast clouds
251,Qaqortoq,GL,60.7167,-46.0333,38.53,76,9,8.7,clear sky
252,Lake Havasu City,US,34.4839,-114.3224,71.1,25,1,3.0,clear sky
253,Sinjar,IQ,36.3209,41.8754,76.26,11,0,4.21,clear sky
254,Unidad,PH,8.535,126.2306,74.48,89,100,7.4,overcast clouds
255,Kamaishi,JP,39.2667,141.8833,59.9,87,52,6.58,broken clouds
256,Buckeye,US,33.3703,-112.5838,79.12,44,100,3.44,overcast clouds
257,Namwala,ZM,-15.7504,26.4384,92.39,17,4,3.83,clear sky
258,Holme,DK,56.1138,10.1725,57.06,77,100,7.56,overcast clouds
259,Bandarbeyla,SO,9.4942,50.8122,78.8,83,15,26.71,few clouds
260,Raichur,IN,16.2,77.3667,79.25,78,100,6.6,overcast clouds
261,Clyde River,CA,70.4692,-68.5914,34.02,74,32,11.41,scattered clouds
262,Longyan,CN,25.1072,117.0225,71.28,93,100,4.41,overcast clouds
263,Gaya,IN,24.7833,85.0,80.51,89,5,0.0,mist
264,Haines Junction,CA,60.7522,-137.5108,32.49,96,88,3.09,overcast clouds
265,Fallon,US,39.4735,-118.7774,48.45,67,1,5.75,clear sky
266,Hanna,CA,51.6334,-111.9018,41.02,28,33,0.6,scattered clouds
267,Kampene,CD,-3.6,26.6667,69.8,96,100,0.92,light rain
268,Georgiyevskoye,RU,58.731,45.024,44.44,77,100,5.46,overcast clouds
269,Petropavlovsk-Kamchatskiy,RU,53.0452,158.6483,30.79,80,0,4.47,clear sky
270,Grand Forks,US,47.9417,-97.4337,53.78,100,90,10.36,fog
271,Labrea,BR,-7.2586,-64.7981,95.29,41,100,3.83,overcast clouds
272,Mocuba,MZ,-16.8392,36.9856,81.0,42,22,10.49,few clouds
273,Contamana,PE,-7.3333,-75.0167,97.38,36,52,3.8,broken clouds
274,Alihe,CN,50.5667,123.7167,39.25,96,100,6.15,light rain
275,Yancheng,CN,33.3856,120.1253,73.0,94,0,7.07,light rain
276,Pimenta Bueno,BR,-11.6725,-61.1936,99.5,33,94,4.32,overcast clouds
277,Asau,RO,46.4333,26.4,50.76,53,98,4.81,overcast clouds
278,Plotnikovo,RU,55.0247,85.9436,44.94,78,55,10.04,broken clouds
279,Kewanee,US,41.2456,-89.9248,77.59,61,66,11.23,broken clouds
280,Akureyri,IS,65.6835,-18.0878,42.73,87,90,6.91,overcast clouds
281,Isangel,VU,-19.55,169.2667,62.71,94,33,4.61,scattered clouds
282,Ylivieska,FI,64.0833,24.55,51.31,94,55,4.85,broken clouds
283,Pahrump,US,36.2083,-115.9839,65.1,47,1,1.99,clear sky
284,Severodvinsk,RU,64.5635,39.8302,35.71,87,100,5.23,overcast clouds
285,Jurado,CO,7.1053,-77.7641,83.26,74,55,5.73,light rain
286,Callaway,US,30.153,-85.5699,83.98,63,1,4.0,clear sky
287,Pisco,PE,-13.7,-76.2167,66.02,82,90,6.91,overcast clouds
288,Saint-Augustin,CA,51.226,-58.6502,48.25,45,9,6.24,clear sky
289,Biak,ID,-0.9131,122.8766,76.66,76,100,4.99,overcast clouds
290,Moose Factory,CA,51.2585,-80.6094,62.58,82,40,8.05,scattered clouds
291,Suez,EG,29.9737,32.5263,78.08,56,0,19.19,clear sky
292,Akdepe,TM,42.0551,59.3788,53.69,48,41,10.74,scattered clouds
293,Namibe,AO,-15.1961,12.1522,72.23,68,40,13.8,scattered clouds
294,Nautla,MX,20.2167,-96.7833,81.88,71,5,6.82,clear sky
295,Pacifica,US,37.6138,-122.4869,60.42,80,40,4.0,scattered clouds
296,Raudeberg,NO,61.9875,5.1352,61.2,86,100,17.0,light rain
297,San Vicente,AR,-26.6167,-54.1333,67.12,98,100,2.86,moderate rain
298,Mahebourg,MU,-20.4081,57.7,73.69,73,40,14.97,light rain
299,Maceio,BR,-9.6658,-35.7353,87.24,58,40,11.5,scattered clouds
300,Deputatskiy,RU,69.3,139.9,15.76,86,100,4.83,overcast clouds
301,Luderitz,NA,-26.6481,15.1594,70.84,50,4,26.98,clear sky
302,Nanortalik,GL,60.1432,-45.2371,38.75,77,20,3.89,few clouds
303,Am Timan,TD,11.0297,20.2827,87.69,43,93,3.62,overcast clouds
304,Kruisfontein,ZA,-34.0033,24.7314,63.88,63,8,15.41,clear sky
305,Dukat,RU,62.55,155.55,7.77,91,51,4.54,broken clouds
306,Sayat,TM,38.7839,63.8803,51.67,36,0,7.81,clear sky
307,Emerald,AU,-23.5333,148.1667,71.74,59,0,12.66,clear sky
308,Mayor Pablo Lagerenza,PY,-19.9309,-60.7718,101.1,28,72,13.91,broken clouds
309,Macklin,CA,52.3334,-109.9348,36.73,32,22,4.25,few clouds
310,Yarada,IN,17.65,83.2667,82.72,89,75,5.75,mist
311,Alice Springs,AU,-23.7,133.8833,80.15,24,96,12.66,overcast clouds
312,Whitehorse,CA,60.7161,-135.0538,36.37,74,40,15.99,scattered clouds
313,Hobyo,SO,5.3505,48.5268,78.78,82,38,13.53,scattered clouds
314,Port Stanley,FK,-51.7,-57.85,53.89,57,13,14.63,few clouds
315,Hithadhoo,MV,-0.6,73.0833,83.53,67,100,7.47,overcast clouds
316,Iqaluit,CA,63.7506,-68.5145,37.13,86,90,8.01,overcast clouds
317,Vallenar,CL,-28.5708,-70.7581,71.1,23,0,9.26,clear sky
318,Poum,NC,-20.2333,164.0167,72.54,71,42,14.16,scattered clouds
319,Verkhniy Fiagdon,RU,42.8333,44.3053,39.87,61,99,5.08,overcast clouds
320,Chokurdakh,RU,70.6333,147.9167,0.68,100,98,4.59,overcast clouds
321,Rapid City,US,44.0805,-103.231,58.55,94,90,4.0,moderate rain
322,Zeya,RU,53.75,127.2667,36.77,89,100,4.72,overcast clouds
323,Oistins,BB,13.0667,-59.5333,86.09,70,75,16.11,broken clouds
324,Pacific Grove,US,36.6177,-121.9166,58.57,72,90,1.99,overcast clouds
325,Omsukchan,RU,62.5333,155.8,9.16,87,80,4.03,broken clouds
326,Arraial Do Cabo,BR,-22.9661,-42.0278,71.56,64,90,12.66,overcast clouds
327,Hohoe,GH,7.1518,0.4736,84.16,79,100,0.34,light rain
328,Makakilo City,US,21.3469,-158.0858,75.56,69,90,5.75,overcast clouds
329,Kiunga,PG,-6.1219,141.2906,71.37,99,100,1.63,light rain
330,Kiama,AU,-34.6833,150.8667,64.99,85,64,1.01,moderate rain
331,Harper,LR,4.375,-7.7169,80.44,81,91,7.96,light rain
332,Nazca,PE,-14.8333,-74.95,77.85,46,37,8.05,scattered clouds
333,Ancud,CL,-41.8697,-73.8203,60.33,70,1,7.05,clear sky
334,San Rafael Del Sur,NI,11.8485,-86.4384,85.17,64,100,10.78,overcast clouds
335,Davidson,US,36.1501,-86.7833,81.28,69,40,5.01,scattered clouds
336,Lufilufi,WS,-13.8745,-171.5986,69.58,73,38,12.44,scattered clouds
337,Pontes E Lacerda,BR,-15.2261,-59.3353,101.03,28,27,7.87,scattered clouds
338,Panji,ID,-7.7253,114.0995,77.52,76,12,7.2,few clouds
339,Mecca,SA,21.4267,39.8261,89.56,51,37,5.68,scattered clouds
340,Mahajanga,MG,-15.7167,46.3167,80.62,65,20,8.05,few clouds
341,Yakeshi,CN,49.2833,120.7333,36.36,96,82,17.16,broken clouds
342,Umm Kaddadah,SD,13.6017,26.6876,95.22,13,56,11.18,broken clouds
343,Tessalit,ML,20.1986,1.0114,99.75,6,22,11.77,few clouds
344,Manokwari,ID,-0.8667,134.0833,78.33,83,30,3.91,scattered clouds
345,Mayo,US,38.8876,-76.5119,72.18,82,90,11.99,overcast clouds
346,Izumo,JP,35.3667,132.7667,67.95,80,0,5.53,clear sky
347,Port Lincoln,AU,-34.7333,135.8667,51.98,69,59,11.52,broken clouds
348,Havelock,US,34.8791,-76.9013,75.18,83,20,5.99,few clouds
349,Narsaq,GL,60.9167,-46.05,37.76,52,4,1.95,clear sky
350,Norman Wells,CA,65.282,-126.8329,23.04,93,75,4.61,broken clouds
351,Auki,SB,-8.7676,160.7034,76.41,88,100,2.84,overcast clouds
352,Marsa Matruh,EG,31.3525,27.2453,77.2,65,0,10.36,clear sky
353,Angoram,PG,-4.0625,144.0661,73.8,99,39,1.07,scattered clouds
354,Caranavi,BO,-15.8167,-67.55,85.96,48,46,1.48,scattered clouds
355,Paamiut,GL,61.994,-49.6678,35.17,38,2,0.78,clear sky
356,Meulaboh,ID,4.1363,96.1285,78.67,86,85,7.58,overcast clouds
357,Arlit,NE,18.7369,7.3853,97.81,7,24,5.08,few clouds
358,Sorland,NO,67.667,12.6934,50.31,96,100,17.25,moderate rain
359,Toora-Khem,RU,52.4675,96.11,29.16,74,25,3.58,scattered clouds
360,Kokkola,FI,63.8385,23.1307,54.03,86,0,1.99,clear sky
361,Vila,PT,42.0304,-8.1588,70.74,73,100,4.29,overcast clouds
362,Shimoda,JP,34.6667,138.95,68.11,88,23,12.5,few clouds
363,Yanam,IN,16.7333,82.2167,82.8,92,7,1.21,clear sky
364,The Valley,AI,18.217,-63.0578,87.66,58,20,17.27,few clouds
365,Feijo,BR,-8.1642,-70.3536,94.75,42,54,3.76,broken clouds
366,Saint Anthony,US,45.0205,-93.218,73.72,80,1,3.0,clear sky
367,Sorong,ID,-0.8833,131.25,79.54,86,90,5.3,overcast clouds
368,Caravelas,BR,-17.7125,-39.2481,77.99,64,96,8.88,overcast clouds
369,Brae,GB,60.3964,-1.353,55.31,98,100,11.48,overcast clouds
370,Santa Rosa,PH,14.3122,121.1114,82.11,86,96,3.51,overcast clouds
371,Sibolga,ID,1.7427,98.7792,78.94,86,72,2.3,broken clouds
372,Gilgit,PK,35.9221,74.3087,71.96,26,5,3.96,clear sky
373,Ituporanga,BR,-27.4144,-49.6025,65.01,96,100,2.59,moderate rain
374,Saint-Joseph,RE,-21.3667,55.6167,71.98,80,60,13.11,light rain
375,Qui Nhon,VN,13.7667,109.2333,79.99,81,57,5.84,broken clouds
376,Urumqi,CN,43.801,87.6005,40.15,52,0,2.24,clear sky
377,Socuellamos,ES,39.2858,-2.7921,78.37,32,24,6.8,few clouds
378,Kanepi,EE,57.982,26.7627,47.32,61,100,5.19,overcast clouds
379,Buraydah,SA,26.326,43.975,95.45,13,0,12.26,clear sky
380,Barra Do Bugres,BR,-15.0725,-57.1811,103.62,26,35,7.25,scattered clouds
381,Daru,PG,-9.0763,143.2092,79.48,86,36,18.3,scattered clouds
382,Vesyegonsk,RU,58.664,37.2604,45.73,72,98,6.53,overcast clouds
383,Mbamba,NG,9.9833,13.1,85.37,50,85,4.81,overcast clouds
384,Port Augusta,AU,-32.5,137.7667,55.54,76,100,14.72,light rain
385,Namatanai,PG,-3.6667,152.4333,78.01,85,85,3.96,light rain
386,Sistranda,NO,63.7256,8.834,59.9,88,100,7.74,overcast clouds
387,Dalvik,IS,65.9702,-18.5286,42.73,97,100,7.29,overcast clouds
388,Arti,RU,56.4234,58.5328,43.02,82,100,6.69,overcast clouds
389,Panama City,PA,8.9936,-79.5197,87.17,77,40,5.75,scattered clouds
390,Pervomayskoye,RU,43.919,46.7102,53.08,57,99,14.9,overcast clouds
391,Cooma,AU,-36.2333,149.1333,44.37,81,72,8.05,broken clouds
392,Matay,EG,28.419,30.7792,86.25,28,0,15.79,clear sky
393,Salinopolis,BR,-0.6136,-47.3561,86.59,65,76,11.81,broken clouds
394,Visby,SE,57.6409,18.296,53.85,87,98,11.5,overcast clouds
395,Klaksvik,FO,62.2266,-6.589,50.92,83,64,14.83,broken clouds
396,Honningsvag,NO,70.9821,25.9704,38.16,95,100,5.01,overcast clouds
397,Udachnyy,RU,66.4167,112.4,33.35,99,100,10.33,light snow
398,Chicago,US,41.85,-87.65,76.42,68,40,3.0,scattered clouds
399,Huambo,AO,-12.7761,15.7392,87.87,17,92,10.6,overcast clouds
400,Peterhead,GB,57.5058,-1.7981,60.46,95,100,15.17,overcast clouds
401,Aykhal,RU,66.0,111.5,32.27,98,100,15.12,light snow
402,Bakel,SN,14.905,-12.4568,100.22,23,96,7.45,overcast clouds
403,Moyale,KE,3.5167,39.0584,77.56,49,100,10.69,overcast clouds
404,Doha,QA,25.2867,51.5333,94.98,31,0,12.66,clear sky
405,Havre,FR,49.5833,0.3333,65.57,72,0,8.05,clear sky
406,Varberg,SE,57.1056,12.2508,56.25,93,100,8.52,overcast clouds
407,Leshan,CN,29.5623,103.7639,64.85,94,100,4.07,light rain
408,Harlingen,US,26.1906,-97.6961,85.19,84,1,6.91,clear sky
409,Abnub,EG,27.2696,31.1511,91.62,24,0,9.42,clear sky
410,Kalmunai,LK,7.4167,81.8167,82.8,69,100,3.2,light rain
411,Pacaembu,BR,-21.5622,-51.2606,92.71,33,29,6.13,scattered clouds
412,Vigrestad,NO,58.5667,5.7,58.68,83,47,11.92,scattered clouds
413,Illapel,CL,-31.6308,-71.1653,66.54,39,0,8.5,clear sky
414,Zaozerne,UA,45.1582,33.2787,54.95,73,86,17.4,overcast clouds
415,Chipping Sodbury,GB,51.5381,-2.3938,65.86,75,85,1.01,overcast clouds
416,Klyuchi,RU,52.2667,79.1667,44.13,64,0,8.12,clear sky
417,Ust-Kuyga,RU,70.0167,135.6,18.16,89,100,5.91,overcast clouds
418,Tazmalt,DZ,36.3868,4.3989,72.55,40,19,10.2,few clouds
419,Cintalapa,MX,16.6951,-93.7272,72.25,95,100,3.49,overcast clouds
420,Iquique,CL,-20.2208,-70.1431,62.64,68,20,11.59,few clouds
421,Beaverlodge,CA,55.2166,-119.4361,40.35,51,94,17.47,overcast clouds
422,Kachiry,KZ,53.0675,76.1036,43.34,58,62,6.96,broken clouds
423,Hamilton,US,39.1834,-84.5333,77.99,75,11,1.01,few clouds
424,Syasstroy,RU,60.1367,32.5691,49.89,87,100,9.46,overcast clouds
425,Tarauaca,BR,-8.1614,-70.7656,95.41,41,76,3.96,broken clouds
426,Vaitape,PF,-16.5167,-151.75,77.59,72,10,6.06,clear sky
427,Baymak,RU,52.5933,58.3225,41.95,51,4,6.91,clear sky
428,Santa Cruz,BO,-17.8,-63.1667,95.05,46,40,16.11,scattered clouds
429,Lavrentiya,RU,65.5833,-171.0,29.48,83,86,10.71,overcast clouds
430,Nevsehir,TR,38.9167,34.6667,67.21,24,0,2.3,clear sky
431,Santiago Del Estero,AR,-27.7951,-64.2615,65.68,44,100,10.56,overcast clouds
432,Tabas,IR,33.5959,56.9244,67.19,24,0,13.51,clear sky
433,San Juan,AR,-31.5375,-68.5364,62.73,49,88,4.36,overcast clouds
434,Belyy Yar,RU,53.6039,91.3903,46.29,57,0,11.18,clear sky
435,Yerofey Pavlovich,RU,53.9667,121.9667,33.71,85,100,5.17,overcast clouds
436,Port-Cartier,CA,50.0334,-66.8654,51.75,58,8,4.54,clear sky
437,Melo,UY,-32.3667,-54.1833,65.5,73,93,15.19,overcast clouds
438,Plouzane,FR,48.3833,-4.6167,68.05,62,100,10.36,overcast clouds
439,Palora,EC,-1.7,-77.9333,80.71,46,71,4.56,broken clouds
440,Litovko,RU,49.2361,135.1742,48.34,60,100,2.75,overcast clouds
441,Namie,JP,37.4833,141.0,64.71,97,96,3.69,overcast clouds
442,Chapais,CA,49.7834,-74.8492,60.58,59,70,9.98,broken clouds
443,Gaoual,GN,11.75,-13.2,91.02,58,91,5.12,overcast clouds
444,Krasnoyarka,RU,55.3333,73.1167,39.15,75,92,5.84,overcast clouds
445,Iquitos,PE,-3.7481,-73.2472,86.04,74,75,6.91,broken clouds
446,Lorengau,PG,-2.0226,147.2712,81.61,77,84,4.72,broken clouds
447,Zhigansk,RU,66.7697,123.3711,34.29,99,100,17.52,light rain
448,Caribou,US,46.8606,-68.012,55.47,62,1,6.91,clear sky
449,Mae Sai,TH,20.4335,99.8762,77.45,92,100,2.24,overcast clouds
450,Nanma,CN,36.1817,118.1583,65.32,96,100,4.63,light rain
451,San Jose,US,37.3394,-121.895,60.57,72,75,1.99,broken clouds
452,Pandan,PH,14.0453,124.1694,80.65,90,98,15.32,overcast clouds
453,Puerto Narino,CO,-3.7703,-70.3831,87.75,50,99,3.09,overcast clouds
454,Sechura,PE,-5.5569,-80.8222,75.31,60,37,7.02,scattered clouds
455,Sungaipenuh,ID,-2.0833,101.3833,67.95,98,93,0.6,overcast clouds
456,Lafiagi,NG,8.8667,5.4167,90.72,61,87,3.38,overcast clouds
457,San Matias,BO,-16.3667,-58.4,105.01,24,17,7.4,few clouds
458,Jacareacanga,BR,-6.2222,-57.7528,91.31,49,50,5.77,scattered clouds
459,Soure,BR,-0.7167,-48.5233,87.48,59,99,8.52,overcast clouds
460,Sakit,IN,27.45,78.8167,82.71,41,0,3.78,clear sky
461,Faya,SA,18.3851,42.4509,75.31,33,38,10.63,scattered clouds
462,Porto Novo,BJ,6.4965,2.6036,84.02,71,100,8.59,light rain
463,Labuhan,ID,-6.8844,112.2051,80.46,72,9,6.44,clear sky
464,Lagoa,PT,39.05,-27.9833,69.84,72,16,16.84,few clouds
465,Kandrian,PG,-6.2167,149.55,77.23,89,100,2.51,overcast clouds
466,Lander,US,42.833,-108.7307,50.11,89,75,3.44,broken clouds
467,Miyang,CN,24.4042,103.4428,60.71,93,100,4.14,overcast clouds
468,Vao,NC,-22.6667,167.4833,69.48,60,100,15.23,overcast clouds
469,Jalostotitlan,MX,21.2,-102.4667,63.59,57,23,3.53,few clouds
470,Awbari,LY,26.5921,12.7805,89.37,9,0,8.59,clear sky
471,Ribnica,SI,45.7386,14.7275,53.62,72,10,11.86,clear sky
472,Alpena,US,45.0617,-83.4327,68.14,93,90,3.0,overcast clouds
473,Bereda,ES,43.2686,-7.5406,68.0,79,84,7.85,broken clouds
474,Port-Gentil,GA,-0.7193,8.7815,78.76,89,90,12.66,light rain
475,Puerto Escondido,MX,15.85,-97.0667,85.69,59,99,2.48,overcast clouds
476,Koutsouras,GR,35.0339,25.9469,75.11,74,0,6.2,clear sky
477,Prince Albert,CA,53.2001,-105.7677,33.75,93,20,0.0,mist
478,Balkanabat,TM,39.5108,54.3671,57.78,24,1,5.37,clear sky
479,Hay River,CA,60.8156,-115.7999,40.98,75,75,9.22,light rain
480,Kindia,GN,10.0569,-12.8658,81.9,72,96,1.57,overcast clouds
481,Ternate,ID,0.8,127.4,81.09,80,100,2.35,overcast clouds
482,Noshiro,JP,40.2039,140.0242,57.45,82,27,8.08,scattered clouds
483,Creteil,FR,48.7833,2.4667,66.38,59,0,9.22,clear sky
484,Broome,US,42.2506,-75.833,65.19,67,90,4.0,overcast clouds
485,Vanavara,RU,60.34,102.2797,37.27,96,100,15.88,light rain
486,Belmonte,BR,-15.8631,-38.8828,75.2,72,96,11.39,overcast clouds
487,Marzuq,YE,14.4,46.4667,75.72,61,95,5.75,overcast clouds
488,Panaba,MX,21.2833,-88.2667,89.4,55,95,5.7,overcast clouds
489,Poshekhonye,RU,58.4993,39.1353,46.11,75,100,8.21,overcast clouds
490,Ahipara,NZ,-35.1667,173.1667,55.6,68,82,11.86,broken clouds
491,Nantucket,US,41.2835,-70.0995,65.61,81,99,21.9,overcast clouds
492,Qasigiannguit,GL,68.8193,-51.1922,24.64,65,100,3.29,overcast clouds
493,Burnie,AU,-41.0667,145.9167,45.95,75,14,12.01,few clouds
494,Sao Filipe,CV,14.8961,-24.4956,81.3,75,18,6.64,few clouds
495,Quatre Cocos,MU,-20.2078,57.7625,73.51,78,45,18.28,light rain
496,Zeerust,ZA,-25.5369,26.0751,85.01,12,0,7.67,clear sky
497,Mpophomeni,ZA,-29.5682,30.1862,56.3,90,89,6.71,light rain
498,Jawhar,SO,2.7809,45.5005,80.01,73,43,15.7,scattered clouds
499,Hofn,IS,64.2539,-15.2082,47.75,84,100,2.82,overcast clouds
500,Walvis Bay,NA,-22.9575,14.5053,72.55,46,0,11.5,clear sky
501,Fortuna,US,40.5982,-124.1573,48.97,34,20,2.84,few clouds
502,Kirakira,SB,-10.4544,161.9205,78.42,84,99,2.73,overcast clouds
503,Anyang,CN,36.0994,114.3289,63.19,89,97,4.97,light rain
504,Tokur,RU,53.1333,132.9,32.04,99,100,2.98,light snow
505,Weinan,CN,34.5036,109.5089,53.29,84,100,6.29,light rain
506,Tarko-Sale,RU,64.9225,77.785,29.77,94,100,23.38,light snow
507,Noyabrsk,RU,63.1994,75.4507,30.06,78,91,25.28,overcast clouds
508,Batagay,RU,67.6333,134.6333,26.04,74,100,6.24,overcast clouds
509,Inhambane,MZ,-23.865,35.3833,77.0,69,0,18.01,clear sky
510,Gravdal,NO,68.1214,13.5031,50.59,94,100,13.33,moderate rain
511,Ninghai,CN,29.2892,121.4247,76.68,92,92,2.86,overcast clouds
512,Victoria,HK,22.2855,114.1577,80.58,94,100,1.01,heavy intensity rain
513,Itarema,BR,-2.9248,-39.9167,88.45,58,51,19.6,broken clouds
514,Bensonville,LR,6.4461,-10.6125,83.75,73,95,8.12,overcast clouds
515,Atar,MR,20.5169,-13.0499,105.85,15,98,13.8,overcast clouds
516,Antofagasta,CL,-23.65,-70.4,60.08,66,8,10.04,clear sky
517,Muisne,EC,0.6,-80.0333,77.11,79,100,8.66,overcast clouds
518,Mpongwe,ZM,-13.5091,28.155,89.56,19,83,8.32,broken clouds
519,Yaroslavl,RU,57.6299,39.8737,46.2,66,0,6.71,clear sky
520,Sioux Lookout,CA,50.1001,-91.917,59.38,94,90,4.61,mist
521,Waipawa,NZ,-41.4122,175.5153,51.46,90,89,10.69,overcast clouds
522,Belm,DE,52.3,8.1333,59.58,70,15,7.38,few clouds
523,Saint-Pierre,RE,-21.3393,55.4781,73.08,77,90,17.27,light rain
524,Curup,ID,-3.4667,102.5333,69.49,98,57,1.54,broken clouds
525,Destin,US,30.3935,-86.4958,82.96,68,1,3.0,clear sky
526,Fairbanks,US,64.8378,-147.7164,37.31,91,90,0.0,light snow
527,Turochak,RU,52.2576,87.1224,38.08,80,10,1.52,clear sky
528,Ouadda,CF,8.0777,22.4007,79.54,73,100,2.68,overcast clouds
529,Jinan,CN,36.6683,116.9972,62.74,86,100,5.53,light rain
530,Nishihara,JP,26.1842,127.7558,81.68,78,20,10.36,light rain
531,Te Anau,NZ,-45.4167,167.7167,39.72,91,23,0.98,few clouds
532,Susangerd,IR,31.5608,48.1831,93.22,6,0,12.5,clear sky
533,Thinadhoo,MV,0.5333,72.9333,84.02,69,100,9.73,overcast clouds
534,Patacamaya,BO,-17.2333,-67.9167,59.92,41,100,9.84,overcast clouds
535,Touros,BR,-5.1989,-35.4608,88.7,57,78,16.58,broken clouds
536,Teya,RU,60.3778,92.6267,34.68,81,96,15.01,overcast clouds
537,Lima,PE,-12.0432,-77.0282,71.91,77,90,3.44,mist
538,Sangin,AF,32.0728,64.8359,71.47,19,0,11.01,clear sky
539,Ghogha,IN,21.6833,72.2833,85.78,71,69,12.53,broken clouds
540,Miquelon,PM,47.0975,-56.3814,50.14,60,7,24.25,clear sky
541,Huejuquilla El Alto,MX,22.6,-103.8667,70.72,40,10,2.39,clear sky
542,Pietersburg,ZA,-23.9045,29.4688,85.05,26,46,9.22,scattered clouds
543,San Roque,ES,36.2107,-5.3842,74.21,78,20,12.66,few clouds
544,Charters Towers,AU,-20.1,146.2667,67.51,86,7,10.07,clear sky
545,Jingdezhen,CN,29.2947,117.2079,75.51,81,100,4.36,light rain
546,Kenai,US,60.5544,-151.2583,43.09,89,75,3.44,light rain
547,Tselinnoye,RU,53.0833,85.6667,41.4,69,15,11.65,few clouds
548,Copperas Cove,US,31.1241,-97.9031,79.56,68,1,10.36,clear sky
549,Svetlyy,RU,54.675,20.1347,50.05,49,100,3.44,overcast clouds
550,Marienburg,PL,54.0359,19.0266,53.26,48,98,5.1,overcast clouds
551,Naifaru,MV,5.4444,73.3657,82.67,79,100,13.71,overcast clouds
552,Louis Trichardt,ZA,-23.0439,29.9032,83.43,31,19,4.14,few clouds
553,Paraiso,CR,9.8383,-83.8656,78.89,57,75,4.36,broken clouds
554,Baykit,RU,61.67,96.37,36.57,83,100,13.76,light rain
555,Sanguem,IN,15.2333,74.1667,80.08,94,93,1.99,overcast clouds
556,Koungou,YT,-12.7336,45.2042,80.31,69,20,4.61,few clouds
557,Bestobe,KZ,52.4994,73.0975,43.75,52,2,6.13,clear sky
558,Concordia,AR,-31.393,-58.0209,68.07,60,75,14.97,broken clouds
559,Ondjiva,AO,-17.0667,15.7333,98.64,13,20,6.91,few clouds
560,Moundou,TD,8.5667,16.0833,95.23,66,20,0.0,few clouds
561,Ixtapa,MX,20.7,-105.2,88.23,73,100,1.01,overcast clouds
562,Pemba,MZ,-12.974,40.5178,79.5,83,20,15.99,few clouds
563,Sergeyevka,KZ,53.88,67.4158,43.03,73,36,6.96,scattered clouds
564,Djibo,BF,14.1022,-1.6306,101.77,10,29,10.13,scattered clouds
565,Oranjemund,NA,-28.55,16.4333,61.7,72,16,23.2,few clouds
566,Nambucca Heads,AU,-30.65,153.0,64.4,92,8,3.78,clear sky
567,Eureka,US,40.8021,-124.1637,49.24,90,26,3.36,scattered clouds
568,Great Malvern,GB,52.1116,-2.3252,65.28,84,95,1.99,overcast clouds
569,Findlay,US,41.0442,-83.6499,75.4,73,1,3.44,clear sky
570,Campbell River,CA,50.0163,-125.2446,49.53,96,90,5.01,mist
571,Canico,PT,32.6333,-16.85,78.71,67,40,16.11,scattered clouds
572,Sheboygan,US,43.7333,-87.9334,67.82,94,90,0.0,mist
573,Saint George,US,37.1041,-113.5841,61.54,93,90,3.44,mist
574,College,US,64.8569,-147.8028,37.29,92,90,0.0,light snow
575,Gibsons,CA,49.3997,-123.5027,51.01,88,100,8.43,overcast clouds
576,Kyshtovka,RU,56.555,76.6271,41.04,76,100,6.29,overcast clouds
577,Palmer,US,42.1584,-72.3287,63.99,71,90,4.0,overcast clouds
578,Camacha,PT,33.0833,-16.3333,72.36,64,40,14.97,scattered clouds
579,Naze,JP,28.3667,129.4833,76.26,84,23,20.71,few clouds
580,Joshimath,IN,30.5667,79.5667,61.12,70,9,3.89,clear sky
581,Killybegs,IE,54.6333,-8.45,58.71,83,0,8.16,clear sky
582,Sutton,GB,51.35,-0.2,65.89,73,40,3.44,scattered clouds
583,Biltine,TD,14.5333,20.9167,97.2,13,100,6.42,overcast clouds
584,Abu Samrah,SY,35.3029,37.1841,80.15,19,0,5.23,clear sky
585,Goundam,ML,16.4145,-3.6708,103.08,6,44,9.93,scattered clouds
586,Matara,LK,5.9485,80.5353,79.84,85,98,10.78,overcast clouds
587,Assis,BR,-22.6617,-50.4122,84.06,44,90,7.2,light rain
588,Timizart,DZ,36.8,4.2667,68.65,52,0,7.74,clear sky
589,Kudahuvadhoo,MV,2.6708,72.8944,83.48,75,83,11.21,broken clouds
590,Nioro,GM,13.35,-15.75,88.9,61,88,8.61,overcast clouds
591,Abonnema,NG,4.7084,6.7931,80.44,80,100,10.31,overcast clouds
592,Ugoofaaru,MV,5.6667,73.0,82.63,79,100,13.11,overcast clouds
593,Haimen,CN,23.1935,116.6142,82.29,78,100,22.3,light rain
594,Champerico,GT,14.3,-91.9167,89.35,76,98,9.51,overcast clouds
595,Soyo,AO,-6.1349,12.3689,80.65,77,76,11.32,broken clouds
596,Grand-Santi,GF,4.25,-54.3833,96.28,36,62,4.68,broken clouds
597,Pisz,PL,53.6274,21.8125,52.05,59,53,4.65,broken clouds
598,Baishishan,CN,43.5833,127.5667,58.96,99,100,4.74,light rain
599,Soria,ES,41.6667,-2.6667,69.01,30,70,6.22,broken clouds
600,Myaundzha,RU,63.0494,147.1858,4.46,91,25,0.72,scattered clouds
601,Grindavik,IS,63.8424,-22.4338,48.15,87,90,13.8,overcast clouds
602,Ajdabiya,LY,30.7554,20.2263,80.78,32,0,9.1,clear sky
603,Muravlenko,RU,63.7898,74.523,28.45,87,85,28.16,overcast clouds
604,Zalantun,CN,48.0,122.7167,51.35,55,70,17.09,broken clouds
605,Beberibe,BR,-4.1797,-38.1306,90.16,59,73,14.0,broken clouds
606,Jining,CN,35.405,116.5814,64.38,89,97,7.02,light rain
607,Canton,CN,23.1167,113.25,76.95,90,100,11.72,moderate rain
608,Yeppoon,AU,-23.1333,150.7333,67.78,85,4,8.84,clear sky
609,Bayeux,BR,-7.125,-34.9322,86.63,58,75,13.8,broken clouds
610,Bontang,ID,0.1333,117.5,79.74,87,77,7.38,broken clouds
611,Vila Praia De Ancora,PT,41.811,-8.8526,76.48,61,100,6.55,overcast clouds
612,Manono,CD,-7.3,27.4167,89.65,28,98,3.06,overcast clouds
613,Mala Tokmachka,UA,47.5356,35.8929,52.36,33,100,10.45,overcast clouds
614,Mitsamiouli,KM,-11.3847,43.2844,80.89,65,40,20.71,light rain
615,Stokmarknes,NO,68.5646,14.9108,51.49,90,100,7.52,overcast clouds
616,Muroto,JP,33.2833,134.15,76.91,72,13,17.07,few clouds
617,Srandakan,ID,-7.9386,110.2506,60.73,84,72,7.07,broken clouds
618,Maneadero,MX,31.7167,-116.5667,65.19,89,58,3.0,broken clouds
619,Valmiera,LV,57.5411,25.4275,49.41,57,100,4.23,overcast clouds
620,Yubari,JP,43.0378,141.9578,50.94,89,51,6.17,broken clouds
621,Tukrah,LY,32.5341,20.5791,76.91,62,0,10.76,clear sky
622,Valparaiso,CL,-33.0393,-71.6273,60.44,70,75,9.22,broken clouds
623,Kastamonu,TR,41.5,33.6667,54.03,86,22,5.3,few clouds
624,Salym,RU,60.0625,71.4789,37.6,75,100,7.45,overcast clouds
625,Maniitsoq,GL,65.4167,-52.9,33.57,45,94,11.48,overcast clouds
626,Pinsk,BY,52.1229,26.0951,43.48,63,4,6.51,clear sky
627,Iowa City,US,41.6611,-91.5302,77.29,71,82,1.01,broken clouds
628,Cayenne,GF,4.9333,-52.3333,89.64,73,75,3.0,broken clouds
629,Fare,PF,-16.7,-151.0167,77.38,71,1,4.52,clear sky
630,Turmalina,BR,-17.2856,-42.73,77.95,53,100,7.14,overcast clouds
631,Jalu,LY,29.0331,21.5482,86.49,19,0,6.2,clear sky
632,Pavlodar,KZ,52.3,76.95,37.2,93,0,6.71,clear sky
633,Takoradi,GH,4.8845,-1.7554,81.91,78,65,11.59,light rain
634,Ambilobe,MG,-13.2,49.05,77.18,59,78,6.73,broken clouds
635,Staraya Poltavka,RU,50.4772,46.4814,48.54,53,0,6.26,clear sky
636,Muli,MV,2.9167,73.5667,83.14,76,88,10.38,overcast clouds
637,Asosa,ET,10.0667,34.5333,63.81,92,100,2.39,light rain
638,Alegrete,BR,-29.7831,-55.7919,72.86,69,80,15.43,broken clouds
639,Pangody,RU,65.85,74.4859,29.5,85,100,17.85,overcast clouds
640,Fereydunshahr,IR,32.941,50.121,50.79,39,0,3.91,clear sky
641,Safaga,EG,26.7292,33.9365,85.95,54,0,13.67,clear sky
642,Panambi,BR,-28.2925,-53.5017,66.83,88,100,8.46,moderate rain
643,Acari,PE,-15.4311,-74.6158,72.21,69,66,9.24,broken clouds
644,Watertown,US,42.3709,-71.1828,64.35,69,75,5.01,broken clouds
645,Komsomolskiy,UZ,40.4272,71.7189,54.82,62,99,4.61,overcast clouds
646,Kaeo,NZ,-35.1,173.7833,53.33,90,53,6.91,broken clouds
647,Rabo De Peixe,PT,37.8,-25.5833,72.91,73,20,11.5,few clouds
648,Mikkeli,FI,61.6886,27.2723,52.14,100,90,6.91,overcast clouds
649,Talnakh,RU,69.4865,88.3972,13.95,90,86,14.76,overcast clouds
650,Murray Bridge,AU,-35.1167,139.2667,50.56,84,85,5.28,overcast clouds
651,Nowa Deba,PL,50.4297,21.7508,50.85,48,1,7.34,clear sky
652,Varkaus,FI,62.3153,27.873,53.71,94,45,5.82,scattered clouds
653,Vsetaty,CZ,50.2819,14.593,56.62,38,0,9.22,clear sky
654,Mirnyy,RU,62.5353,113.9611,34.41,96,100,13.69,light rain
655,Beisfjord,NO,68.3751,17.5988,50.25,93,100,6.58,overcast clouds
656,Palana,RU,59.1167,159.9667,30.72,75,20,6.15,few clouds
657,Puerto Carreno,CO,6.189,-67.4859,89.51,57,32,2.28,scattered clouds
658,Le Port,RE,-20.9373,55.2919,73.4,75,43,4.45,scattered clouds
659,Popondetta,PG,-8.7537,148.2534,72.32,96,39,3.18,scattered clouds
660,Constantine,DZ,36.365,6.6147,67.41,48,75,13.8,broken clouds
661,Harnosand,SE,62.6323,17.9379,55.42,98,94,5.86,overcast clouds
662,Wicklow,IE,53.0,-6.4167,61.02,97,100,2.33,overcast clouds
663,Kupang,ID,-10.1667,123.5833,77.76,81,43,6.53,scattered clouds
664,Puerto Ayacucho,VE,5.6639,-67.6236,88.9,59,36,1.97,scattered clouds
665,Goure,NE,13.9835,10.2704,99.01,10,87,7.81,overcast clouds
666,Batangafo,CF,7.3008,18.2833,83.05,78,100,3.09,light rain
667,Kokoda,PG,-8.8785,147.7407,73.11,95,66,0.94,broken clouds
668,Durban,ZA,-29.8579,31.0292,70.72,78,12,8.99,few clouds
669,Sampit,ID,-2.5333,112.95,76.26,95,81,3.38,broken clouds
670,Mareeba,AU,-17.0,145.4333,70.52,92,70,5.01,broken clouds
671,Bilma,NE,18.6853,12.9164,95.0,11,7,2.04,clear sky
672,Knoxville,US,35.9606,-83.9207,76.06,90,90,0.0,mist
673,Ayna,PE,-12.65,-73.9167,77.5,72,85,4.43,overcast clouds
674,Hambantota,LK,6.1241,81.1185,80.94,89,0,3.44,clear sky
675,Berlevag,NO,70.8578,29.0864,37.24,93,100,7.18,overcast clouds
676,Khrebtovaya,RU,56.7032,104.2494,38.23,85,100,12.01,overcast clouds
677,Tevaitoa,PF,-16.7833,-151.5,77.41,69,0,4.45,clear sky
678,Sangar,RU,63.9242,127.4739,28.9,98,100,8.66,snow
679,Brigantine,US,39.4101,-74.3646,72.01,82,100,17.96,overcast clouds
680,Vrangel,RU,42.7297,133.0839,62.31,80,99,10.36,overcast clouds
681,Darhan,MN,49.4867,105.9228,37.33,54,3,6.33,clear sky
682,Lubango,AO,-14.9172,13.4925,82.6,22,73,4.14,broken clouds
683,Klenovyy,UA,48.1193,39.4588,48.63,27,100,13.76,light rain
684,Lewiston,US,44.1003,-70.2148,60.24,77,90,5.75,overcast clouds
685,Crestview,US,30.7621,-86.5705,83.25,70,1,5.99,clear sky
686,Mildura,AU,-34.2,142.15,53.56,94,90,8.05,light rain
687,Skibbereen,IE,51.55,-9.2667,64.2,77,82,4.59,broken clouds
688,Miyoshi,JP,35.0833,137.0667,74.82,82,1,5.12,clear sky
689,Songea,TZ,-10.6833,35.65,81.75,42,20,8.05,few clouds
690,Fayaoue,NC,-20.65,166.5333,73.13,70,30,17.4,scattered clouds
691,Werda,BW,-25.2667,23.2833,82.67,6,2,14.76,clear sky
692,Bonthe,SL,7.5264,-12.505,83.28,72,93,12.82,overcast clouds
693,Bull Savanna,JM,17.8868,-77.5902,84.25,63,31,6.55,scattered clouds
694,Iskateley,RU,67.6803,53.1512,31.08,77,90,8.75,overcast clouds
695,Ilo,PE,-17.6394,-71.3375,61.66,88,90,8.05,overcast clouds
